City_ID,City,Country,Date,Lat,Lng,Max Temp,Humidity,Cloudiness,Wind Speed
0,Soyo,AO,2021-09-01 00:36:03,-6.1349,12.3689,72.36,90,15,6.29
1,Kodiak,US,2021-09-01 00:36:04,57.79,-152.4072,54.91,76,90,16.11
2,Jelgava,LV,2021-09-01 00:36:05,56.65,23.7128,57.24,95,0,6.6
3,Jamestown,US,2021-09-01 00:36:05,42.097,-79.2353,70.92,72,90,5.75
4,Pomabamba,PE,2021-09-01 00:36:05,-8.8333,-77.4667,52.32,76,100,4.05
5,Bethel,US,2021-09-01 00:36:06,41.3712,-73.414,74.48,84,1,3.44
6,Baruun-Urt,MN,2021-09-01 00:36:06,46.6806,113.2792,66.02,53,97,2.93
7,Yellowknife,CA,2021-09-01 00:32:20,62.456,-114.3525,64.92,55,40,4.61
8,Mogok,MM,2021-09-01 00:36:07,22.9167,96.5,70.21,92,100,0.76
9,Lebu,CL,2021-09-01 00:36:07,-37.6167,-73.65,49.15,90,28,8.05
10,Lagoa,PT,2021-09-01 00:36:07,39.05,-27.9833,73.45,86,100,5.88
11,Mataura,NZ,2021-09-01 00:36:08,-46.1927,168.8643,61.48,51,9,3.76
12,Vaitape,PF,2021-09-01 00:36:08,-16.5167,-151.75,78.93,74,7,16.8
13,Taunggyi,MM,2021-09-01 00:36:08,20.7833,97.0333,66.52,92,64,1.12
14,Carnarvon,AU,2021-09-01 00:36:09,-24.8667,113.6333,68.07,65,90,11.5
15,Tacuba,SV,2021-09-01 00:36:09,13.9011,-89.9297,73.81,94,100,0.51
16,Sitka,US,2021-09-01 00:36:09,57.0531,-135.33,60.69,67,20,6.91
17,Qaanaaq,GL,2021-09-01 00:36:10,77.484,-69.3632,32.41,91,100,4.74
18,Port Alfred,ZA,2021-09-01 00:36:10,-33.5906,26.891,56.08,71,100,8.41
19,Zapadnaya Dvina,RU,2021-09-01 00:36:11,56.259,32.0745,55.13,99,37,4.45
20,Nikolskoye,RU,2021-09-01 00:36:11,59.7035,30.7861,47.01,97,100,2.57
21,Grindavik,IS,2021-09-01 00:36:11,63.8424,-22.4338,53.55,100,75,13.8
22,Arraial Do Cabo,BR,2021-09-01 00:36:12,-22.9661,-42.0278,67.96,88,75,9.22
23,Pevek,RU,2021-09-01 00:36:12,69.7008,170.3133,37.65,87,92,13.85
24,Hobart,AU,2021-09-01 00:36:12,-42.8794,147.3294,58.23,55,20,5.99
25,Micheweni,TZ,2021-09-01 00:36:13,-4.9667,39.8333,74.52,87,86,9.64
26,Rikitea,PF,2021-09-01 00:36:13,-23.1203,-134.9692,73.8,75,0,16.78
27,Marfino,RU,2021-09-01 00:36:13,55.7028,37.3822,63.88,94,0,2.24
28,Oistins,BB,2021-09-01 00:36:14,13.0667,-59.5333,78.89,89,20,4.61
29,Kenora,CA,2021-09-01 00:31:17,49.8167,-94.4337,70.77,56,20,2.3
30,San Patricio,US,2021-09-01 00:36:14,28.017,-97.5169,90.32,68,5,12.5
31,Dikson,RU,2021-09-01 00:36:15,73.5069,80.5464,39.27,78,98,15.5
32,Saint George,US,2021-09-01 00:36:15,37.1041,-113.5841,95.59,25,20,5.01
33,Ushuaia,AR,2021-09-01 00:36:15,-54.8,-68.3,33.46,75,40,18.41
34,Tasiilaq,GL,2021-09-01 00:36:16,65.6145,-37.6368,42.96,98,100,4.09
35,Albany,US,2021-09-01 00:36:16,42.6001,-73.9662,71.02,82,5,4.45
36,Hermanus,ZA,2021-09-01 00:36:16,-34.4187,19.2345,48.9,70,100,9.24
37,Chokurdakh,RU,2021-09-01 00:36:16,70.6333,147.9167,39.42,57,60,4.41
38,Alekseyevskaya,RU,2021-09-01 00:36:17,50.2896,42.1845,62.69,76,42,7.31
39,Cairns,AU,2021-09-01 00:36:17,-16.9167,145.7667,83.07,82,75,18.41
40,Tessalit,ML,2021-09-01 00:36:18,20.1986,1.0114,93.72,10,0,8.16
41,Kapaa,US,2021-09-01 00:36:18,22.0752,-159.319,85.98,65,40,3.0
42,Georgetown,MY,2021-09-01 00:36:14,5.4112,100.3354,80.89,91,20,2.3
43,Bilma,NE,2021-09-01 00:36:18,18.6853,12.9164,92.46,13,5,8.95
44,Los Llanos De Aridane,ES,2021-09-01 00:36:19,28.6585,-17.9182,71.35,93,0,2.3
45,Chuy,UY,2021-09-01 00:36:19,-33.6971,-53.4616,59.36,92,67,7.27
46,Arcata,US,2021-09-01 00:31:35,40.8665,-124.0828,66.2,65,1,1.99
47,Mujiayingzi,CN,2021-09-01 00:36:20,42.1167,118.7833,70.57,63,52,3.04
48,Caravelas,BR,2021-09-01 00:36:20,-17.7125,-39.2481,69.03,89,100,2.66
49,Sinegorye,RU,2021-09-01 00:36:20,62.0788,150.477,41.49,96,100,6.62
50,Shuangyang,CN,2021-09-01 00:36:21,43.5242,125.6736,67.96,73,0,2.51
51,Tiksi,RU,2021-09-01 00:36:21,71.6872,128.8694,39.49,82,100,11.21
52,Vaini,TO,2021-09-01 00:36:21,-21.2,-175.2,75.36,78,20,13.8
53,Castro,BR,2021-09-01 00:36:22,-24.7911,-50.0119,53.06,97,37,8.72
54,Buchanan,LR,2021-09-01 00:36:22,5.8808,-10.0467,77.38,86,100,6.15
55,Pullman,US,2021-09-01 00:32:49,46.7313,-117.1796,72.23,32,1,1.01
56,Hilo,US,2021-09-01 00:36:23,19.7297,-155.09,83.93,72,75,10.36
57,Togur,RU,2021-09-01 00:36:23,58.3631,82.8265,44.87,91,29,5.14
58,Kaitangata,NZ,2021-09-01 00:36:23,-46.2817,169.8464,56.48,44,0,3.69
59,Esperance,AU,2021-09-01 00:36:24,-33.8667,121.9,58.84,74,100,19.62
60,Nome,US,2021-09-01 00:36:24,64.5011,-165.4064,54.16,82,90,4.61
61,Vardo,NO,2021-09-01 00:36:24,70.3705,31.1107,46.53,83,100,13.78
62,Rio Gallegos,AR,2021-09-01 00:31:33,-51.6226,-69.2181,35.65,69,0,9.22
63,Nizhniy Ingash,RU,2021-09-01 00:36:25,56.2,96.53,50.49,72,100,4.85
64,Nuuk,GL,2021-09-01 00:36:25,64.1835,-51.7216,47.01,71,1,5.75
65,College,US,2021-09-01 00:36:26,64.8569,-147.8028,68.32,60,40,0.0
66,Basco,PH,2021-09-01 00:36:26,20.4487,121.9702,83.91,75,99,10.76
67,Victoria,HK,2021-09-01 00:36:27,22.2855,114.1577,84.96,86,88,1.01
68,East London,ZA,2021-09-01 00:36:27,-33.0153,27.9116,57.51,65,100,13.29
69,Husavik,IS,2021-09-01 00:36:27,66.0449,-17.3389,57.11,79,91,4.72
70,Bend,US,2021-09-01 00:33:54,44.0582,-121.3153,74.46,26,0,4.0
71,Airai,TL,2021-09-01 00:36:28,-8.9266,125.4092,74.3,41,30,5.01
72,Inhambane,MZ,2021-09-01 00:36:28,-23.865,35.3833,66.31,85,0,6.91
73,Dolores,AR,2021-09-01 00:36:29,-36.3132,-57.6792,62.78,87,83,9.89
74,Punta Arenas,CL,2021-09-01 00:33:56,-53.15,-70.9167,35.71,55,0,6.91
75,Caborca,MX,2021-09-01 00:36:29,30.5838,-111.101,70.48,85,100,5.77
76,Maniitsoq,GL,2021-09-01 00:36:30,65.4167,-52.9,43.36,63,0,10.16
77,Methven,NZ,2021-09-01 00:36:30,-43.6333,171.65,43.92,46,0,6.51
78,Santa Cruz,BO,2021-09-01 00:36:30,-17.8,-63.1667,80.06,74,7,3.44
79,Narsaq,GL,2021-09-01 00:36:31,60.9167,-46.05,52.02,92,100,7.72
80,Weligama,LK,2021-09-01 00:36:31,5.9667,80.4167,77.9,87,45,8.12
81,Canalete,CO,2021-09-01 00:36:32,8.6761,-76.2042,74.55,94,100,4.38
82,Comodoro Rivadavia,AR,2021-09-01 00:36:32,-45.8667,-67.5,53.46,58,0,8.05
83,Andra,RU,2021-09-01 00:36:32,62.5147,65.8878,39.78,71,81,2.08
84,Atuona,PF,2021-09-01 00:36:33,-9.8,-139.0333,77.54,78,22,16.44
85,Bathsheba,BB,2021-09-01 00:36:33,13.2167,-59.5167,79.41,89,20,4.61
86,Nishihara,JP,2021-09-01 00:36:33,26.1842,127.7558,83.86,79,20,6.91
87,Kirovskiy,RU,2021-09-01 00:36:34,45.0917,133.5136,71.94,53,0,3.15
88,Avarua,CK,2021-09-01 00:36:34,-21.2078,-159.775,78.85,69,15,9.22
89,Benalla,AU,2021-09-01 00:36:34,-36.55,145.9833,60.55,65,99,11.23
90,Tuktoyaktuk,CA,2021-09-01 00:36:35,69.4541,-133.0374,39.2,87,90,11.5
91,Isangel,VU,2021-09-01 00:36:35,-19.55,169.2667,77.11,65,75,13.8
92,Cockburn Town,TC,2021-09-01 00:32:41,21.4612,-71.1419,82.02,72,86,6.93
93,San Policarpo,PH,2021-09-01 00:36:35,12.1791,125.5072,81.34,79,100,3.33
94,Butaritari,KI,2021-09-01 00:36:36,3.0707,172.7902,83.17,72,99,14.38
95,Busselton,AU,2021-09-01 00:36:36,-33.65,115.3333,59.04,79,89,23.06
96,Bluff,NZ,2021-09-01 00:36:36,-46.6,168.3333,61.81,64,75,7.09
97,Kolo,PL,2021-09-01 00:36:37,52.2002,18.6387,57.24,92,100,15.19
98,Nanjangud,IN,2021-09-01 00:36:37,12.1197,76.6828,68.94,93,100,5.19
99,Sal Rei,CV,2021-09-01 00:36:38,16.1833,-22.9167,81.16,89,100,13.82
100,Severo-Kurilsk,RU,2021-09-01 00:32:15,50.6789,156.125,56.77,87,85,8.19
101,Vestmannaeyjar,IS,2021-09-01 00:36:38,63.4427,-20.2734,54.91,88,100,7.31
102,Sur,OM,2021-09-01 00:36:39,22.5667,59.5289,82.44,68,7,3.62
103,Shu,KZ,2021-09-01 00:36:39,43.5983,73.7614,71.22,55,4,4.83
104,Norman Wells,CA,2021-09-01 00:36:39,65.282,-126.8329,64.44,52,40,5.75
105,Hithadhoo,MV,2021-09-01 00:36:40,-0.6,73.0833,81.84,71,91,2.26
106,Bardiyah,LY,2021-09-01 00:36:40,31.7561,25.0865,78.22,66,0,19.66
107,Barreiras,BR,2021-09-01 00:36:40,-12.1528,-44.99,72.75,58,98,2.66
108,Bambous Virieux,MU,2021-09-01 00:36:41,-20.3428,57.7575,71.22,73,40,12.66
109,Bredasdorp,ZA,2021-09-01 00:36:41,-34.5322,20.0403,45.72,87,100,3.44
110,Yining,CN,2021-09-01 00:36:41,29.0361,114.5636,87.21,70,15,1.16
111,Henties Bay,NA,2021-09-01 00:36:42,-22.116,14.2845,52.86,93,0,1.16
112,Fortuna,US,2021-09-01 00:35:58,40.5982,-124.1573,64.92,65,20,3.0
113,Muisne,EC,2021-09-01 00:36:42,0.6,-80.0333,74.32,82,45,5.5
114,Lorengau,PG,2021-09-01 00:36:43,-2.0226,147.2712,84.63,72,29,11.9
115,Rio Grande,BR,2021-09-01 00:36:43,-32.035,-52.0986,63.95,93,92,12.82
116,Sao Joao Do Paraiso,BR,2021-09-01 00:36:43,-15.3136,-42.0144,63.18,88,100,8.95
117,Dukat,RU,2021-09-01 00:36:44,62.55,155.55,46.08,88,100,7.63
118,Jacqueville,CI,2021-09-01 00:36:44,5.2052,-4.4146,76.91,92,100,7.47
119,Constitucion,CL,2021-09-01 00:36:45,-35.3333,-72.4167,52.72,76,94,2.42
120,Ketchikan,US,2021-09-01 00:35:39,55.3422,-131.6461,66.67,59,1,6.91
121,Chumikan,RU,2021-09-01 00:36:45,54.7183,135.315,60.85,83,100,10.83
122,Salalah,OM,2021-09-01 00:36:45,17.0151,54.0924,77.09,94,75,4.61
123,Kahului,US,2021-09-01 00:36:46,20.8947,-156.47,88.54,58,40,19.57
124,Marsh Harbour,BS,2021-09-01 00:36:46,26.5412,-77.0636,82.29,69,0,5.48
125,Mahon,ES,2021-09-01 00:36:46,39.8885,4.2658,72.16,78,0,5.75
126,Barrow,US,2021-09-01 00:36:47,71.2906,-156.7887,42.82,81,90,12.66
127,Mount Gambier,AU,2021-09-01 00:36:47,-37.8333,140.7667,58.91,88,75,11.5
128,Kalispell,US,2021-09-01 00:36:48,48.1958,-114.3129,69.84,31,1,3.0
129,Matara,LK,2021-09-01 00:36:48,5.9485,80.5353,77.47,88,64,7.81
130,Mar Del Plata,AR,2021-09-01 00:36:48,-38.0023,-57.5575,55.42,94,90,23.02
131,Kardamaina,GR,2021-09-01 00:36:49,36.7814,27.1425,76.48,83,20,11.5
132,Dingle,PH,2021-09-01 00:36:49,10.9995,122.6711,77.94,89,100,2.84
133,Okhotsk,RU,2021-09-01 00:32:11,59.3833,143.3,59.04,72,100,3.2
134,Pervomayskoye,RU,2021-09-01 00:36:49,43.919,46.7102,72.27,89,24,1.5
135,Ekhabi,RU,2021-09-01 00:36:50,53.5102,142.9671,64.58,60,13,3.53
136,Saint-Augustin,CA,2021-09-01 00:36:50,51.226,-58.6502,53.98,94,100,15.95
137,Bundaberg,AU,2021-09-01 00:36:50,-24.85,152.35,73.69,64,0,5.75
138,Ponta Do Sol,PT,2021-09-01 00:36:51,32.6667,-17.1,77.0,75,22,7.61
139,Vyshkov,RU,2021-09-01 00:36:51,52.4764,31.6873,55.29,91,100,6.82
140,Ribeira Grande,PT,2021-09-01 00:36:52,38.5167,-28.7,73.53,89,96,10.54
141,Gonbad-E Qabus,IR,2021-09-01 00:36:52,37.25,55.1672,76.15,21,0,6.29
142,Geraldton,AU,2021-09-01 00:36:52,-28.7667,114.6,66.13,77,75,11.5
143,New Norfolk,AU,2021-09-01 00:36:53,-42.7826,147.0587,57.88,69,100,5.99
144,Newtownards,GB,2021-09-01 00:36:53,54.5924,-5.6909,58.95,81,90,5.75
145,Saskylakh,RU,2021-09-01 00:36:53,71.9167,114.0833,33.98,99,100,22.44
146,Lososina,RU,2021-09-01 00:36:54,48.9975,140.3106,66.76,56,5,4.5
147,Novyy Urengoy,RU,2021-09-01 00:36:54,66.0833,76.6333,40.84,92,100,13.4
148,Hasaki,JP,2021-09-01 00:36:54,35.7333,140.8333,72.0,86,100,16.35
149,Beringovskiy,RU,2021-09-01 00:36:55,63.05,179.3167,48.9,89,99,3.91
150,Bajil,YE,2021-09-01 00:36:55,15.0584,43.2851,86.63,60,50,2.42
151,Jacmel,HT,2021-09-01 00:36:55,18.2342,-72.5347,84.04,88,100,1.41
152,Bengkulu,ID,2021-09-01 00:36:56,-3.8004,102.2655,75.74,91,100,3.62
153,Karsiyang,IN,2021-09-01 00:36:56,26.8825,88.2773,63.95,88,81,1.7
154,Jertih,MY,2021-09-01 00:36:56,5.7336,102.4897,76.87,91,100,3.76
155,Abu Dhabi,AE,2021-09-01 00:36:46,24.4667,54.3667,89.62,55,0,3.44
156,Shelburne,CA,2021-09-01 00:36:57,44.0787,-80.2041,64.85,68,100,6.17
157,Teruel,ES,2021-09-01 00:36:57,40.6667,-0.6667,64.36,77,100,6.96
158,Nizhniy Odes,RU,2021-09-01 00:35:13,63.6445,54.856,42.04,82,100,3.98
159,Parrita,CR,2021-09-01 00:36:58,9.5201,-84.3225,80.51,87,100,4.03
160,Palmer,US,2021-09-01 00:34:10,42.1584,-72.3287,72.77,75,6,2.8
161,Gorodets,RU,2021-09-01 00:36:58,56.6514,43.475,55.08,94,100,10.4
162,Slupca,PL,2021-09-01 00:36:59,52.2873,17.8719,54.16,92,96,14.88
163,Flinders,AU,2021-09-01 00:36:59,-34.5833,150.8552,78.06,52,21,4.0
164,Broome,US,2021-09-01 00:37:00,42.2506,-75.833,71.98,76,40,5.75
165,Severomuysk,RU,2021-09-01 00:37:00,56.1481,113.4267,57.69,55,8,0.98
166,Marawi,PH,2021-09-01 00:37:00,7.9986,124.2928,74.64,74,98,0.85
167,Kavaratti,IN,2021-09-01 00:37:01,10.5669,72.642,81.03,78,100,15.48
168,Beyneu,KZ,2021-09-01 00:37:01,45.3167,55.2,68.54,32,1,9.84
169,Aquin,HT,2021-09-01 00:37:01,18.2833,-73.4,78.46,84,100,2.01
170,Gamba,GA,2021-09-01 00:37:02,-2.65,10.0,73.45,91,100,6.17
171,Komsomolskiy,UZ,2021-09-01 00:37:02,40.4272,71.7189,68.72,52,53,4.61
172,Amapa,BR,2021-09-01 00:37:02,1.0,-52.0,73.33,77,100,3.18
173,Guerrero Negro,MX,2021-09-01 00:37:03,27.9769,-114.0611,72.75,71,94,17.18
174,Amur,RU,2021-09-01 00:37:03,54.0,128.0,69.91,56,0,2.08
175,Thompson,CA,2021-09-01 00:37:03,55.7435,-97.8558,73.56,46,40,4.61
176,Dumas,US,2021-09-01 00:37:04,35.8656,-101.9732,94.35,29,1,5.75
177,Lewiston,US,2021-09-01 00:37:04,44.1003,-70.2148,72.25,83,1,0.0
178,Capelinha,BR,2021-09-01 00:32:58,-17.6914,-42.5158,57.22,92,100,6.58
179,Szajol,HU,2021-09-01 00:37:05,47.1833,20.3,62.94,77,0,13.8
180,Codrington,AU,2021-09-01 00:37:05,-38.2667,141.9667,61.41,73,94,12.08
181,Baykalsk,RU,2021-09-01 00:37:05,51.5058,104.1469,60.26,72,100,1.07
182,Cape Town,ZA,2021-09-01 00:36:12,-33.9258,18.4232,50.88,77,0,1.99
183,Glasgow,GB,2021-09-01 00:32:43,55.8652,-4.2576,56.91,88,75,2.3
184,Merauke,ID,2021-09-01 00:32:14,-8.4667,140.3333,82.53,76,49,7.27
185,Waingapu,ID,2021-09-01 00:37:06,-9.6567,120.2641,83.07,56,9,7.85
186,Granadilla De Abona,ES,2021-09-01 00:37:07,28.1188,-16.576,67.96,79,20,4.61
187,Anadyr,RU,2021-09-01 00:37:07,64.75,177.4833,52.3,87,40,13.42
188,Havre-Saint-Pierre,CA,2021-09-01 00:37:07,50.2334,-63.5986,59.36,94,90,5.75
189,Bandarbeyla,SO,2021-09-01 00:37:08,9.4942,50.8122,75.27,82,14,24.63
190,Bisira,PA,2021-09-01 00:37:08,8.5196,-81.7115,60.55,97,100,2.55
191,Pisco,PE,2021-09-01 00:37:09,-13.7,-76.2167,60.85,88,0,14.97
192,Puerto Ayora,EC,2021-09-01 00:37:09,-0.7393,-90.3518,67.55,93,3,1.99
193,Lidkoping,SE,2021-09-01 00:37:09,58.5052,13.1577,53.49,79,67,8.84
194,Maltahohe,NA,2021-09-01 00:37:10,-24.8333,16.9833,56.07,11,0,7.09
195,Boysun,UZ,2021-09-01 00:37:10,38.2061,67.1986,63.41,38,0,4.03
196,Mbini,GQ,2021-09-01 00:37:11,1.574,9.6134,75.78,91,100,6.91
197,Nabire,ID,2021-09-01 00:37:11,-3.3667,135.4833,80.35,86,94,0.98
198,Hearst,CA,2021-09-01 00:37:11,49.6835,-83.6665,61.05,66,0,5.1
199,Bati,ET,2021-09-01 00:37:12,11.1833,40.0167,68.83,60,100,3.11
200,San Cristobal,VE,2021-09-01 00:37:12,7.7669,-72.225,73.58,99,100,3.22
201,Meulaboh,ID,2021-09-01 00:37:12,4.1363,96.1285,77.72,85,44,5.57
202,Seoul,KR,2021-09-01 00:37:13,37.5683,126.9778,69.37,88,90,6.91
203,Montepuez,MZ,2021-09-01 00:37:13,-13.1256,38.9997,70.14,76,100,7.78
204,Tura,IN,2021-09-01 00:37:14,25.5198,90.2201,76.37,92,69,2.06
205,Cidreira,BR,2021-09-01 00:37:14,-30.1811,-50.2056,62.2,89,15,20.76
206,Valdivia,CL,2021-09-01 00:33:35,-39.8142,-73.2459,50.09,92,48,1.77
207,Wanning,CN,2021-09-01 00:37:14,18.8003,110.3967,82.02,82,91,2.93
208,Koumac,NC,2021-09-01 00:37:15,-20.5667,164.2833,75.76,50,58,17.74
209,Oranjemund,NA,2021-09-01 00:37:15,-28.55,16.4333,52.61,80,15,16.78
210,Luderitz,NA,2021-09-01 00:37:15,-26.6481,15.1594,55.62,69,5,14.83
211,Te Anau,NZ,2021-09-01 00:37:16,-45.4167,167.7167,49.69,93,100,3.96
212,Shakhty,RU,2021-09-01 00:37:16,47.7091,40.2144,65.82,76,0,7.11
213,Erbaa,TR,2021-09-01 00:37:17,40.6689,36.5675,70.59,94,29,1.86
214,Bhan,PK,2021-09-01 00:37:17,26.5583,67.7214,86.4,55,94,5.64
215,Nam Dinh,VN,2021-09-01 00:37:17,20.4167,106.1667,81.66,81,100,3.31
216,Tiznit,MA,2021-09-01 00:37:18,29.5833,-9.5,65.35,80,54,3.89
217,Waipawa,NZ,2021-09-01 00:37:18,-41.4122,175.5153,54.03,58,73,10.2
218,Sibolga,ID,2021-09-01 00:37:18,1.7427,98.7792,74.91,93,100,2.77
219,San Carlos De Bariloche,AR,2021-09-01 00:37:19,-41.1456,-71.3082,44.35,76,75,12.66
220,Kumluca,TR,2021-09-01 00:37:19,36.3703,30.2869,78.01,80,0,3.24
221,Polis,CY,2021-09-01 00:37:20,35.0367,32.4264,76.82,94,1,2.08
222,Sorong,ID,2021-09-01 00:37:20,-0.8833,131.25,80.49,83,100,4.63
223,Nalut,LY,2021-09-01 00:37:20,30.3333,10.85,86.85,27,0,13.51
224,Pangnirtung,CA,2021-09-01 00:37:21,66.1451,-65.7125,38.26,85,7,1.07
225,Lompoc,US,2021-09-01 00:37:21,34.6391,-120.4579,75.56,78,1,10.36
226,Sao Joao Da Barra,BR,2021-09-01 00:37:21,-21.6403,-41.0511,68.92,85,99,15.82
227,Kaeo,NZ,2021-09-01 00:37:22,-35.1,173.7833,55.33,96,100,16.67
228,Chegutu,ZW,2021-09-01 00:37:22,-18.1302,30.1407,61.77,49,0,4.76
229,Camacha,PT,2021-09-01 00:37:22,33.0833,-16.3333,73.53,83,40,9.22
230,San Lucas,MX,2021-09-01 00:37:23,16.6,-92.7167,77.76,95,100,2.91
231,Hoquiam,US,2021-09-01 00:37:23,46.9809,-123.8893,69.06,60,90,14.97
232,Lavrentiya,RU,2021-09-01 00:37:24,65.5833,-171.0,45.68,95,100,5.48
233,Saldanha,ZA,2021-09-01 00:37:24,-33.0117,17.9442,46.45,68,100,21.77
234,Codajas,BR,2021-09-01 00:37:24,-3.8367,-62.0569,73.09,98,100,2.82
235,Hurghada,EG,2021-09-01 00:37:25,27.2574,33.8129,82.15,53,1,22.21
236,Fairbanks,US,2021-09-01 00:35:23,64.8378,-147.7164,69.76,59,40,0.0
237,Dalmau,IN,2021-09-01 00:37:25,26.0667,81.0333,79.72,83,61,5.26
238,Yumen,CN,2021-09-01 00:37:25,40.2833,97.2,70.57,30,3,4.79
239,Hambantota,LK,2021-09-01 00:37:26,6.1241,81.1185,77.34,100,20,8.05
240,Provideniya,RU,2021-09-01 00:37:26,64.3833,-173.3,48.31,81,90,8.95
241,Prieska,ZA,2021-09-01 00:37:26,-29.6641,22.7474,48.06,52,23,1.07
242,Cabo San Lucas,MX,2021-09-01 00:37:27,22.8909,-109.9124,89.62,70,40,11.01
243,Deputatskiy,RU,2021-09-01 00:37:27,69.3,139.9,34.74,80,100,4.09
244,Dicabisagan,PH,2021-09-01 00:37:28,17.0818,122.4157,84.45,72,79,3.62
245,Cayenne,GF,2021-09-01 00:37:28,4.9333,-52.3333,82.09,81,20,1.99
246,Madang,PG,2021-09-01 00:37:28,-5.2246,145.7966,86.16,64,55,3.98
247,La Crosse,US,2021-09-01 00:36:26,43.8014,-91.2396,73.31,85,35,5.23
248,Celestun,MX,2021-09-01 00:37:29,20.8667,-90.4,83.71,76,100,15.97
249,Kotovsk,UA,2021-09-01 00:37:29,47.7531,29.532,61.54,53,99,5.68
250,Road Town,VG,2021-09-01 00:32:36,18.4167,-64.6167,84.24,74,40,2.3
251,Gladstone,AU,2021-09-01 00:37:30,-23.85,151.25,75.13,57,0,11.5
252,Kjollefjord,NO,2021-09-01 00:37:30,70.9457,27.3465,45.57,86,100,13.42
253,Pochutla,MX,2021-09-01 00:37:30,15.7432,-96.4661,83.25,82,100,2.71
254,Rundu,NA,2021-09-01 00:37:31,-17.9333,19.7667,59.76,16,0,4.79
255,Broken Hill,AU,2021-09-01 00:37:31,-31.95,141.4333,74.91,14,4,11.5
256,Klaksvik,FO,2021-09-01 00:37:31,62.2266,-6.589,56.32,91,0,16.78
257,Thunder Bay,CA,2021-09-01 00:37:32,48.4001,-89.3168,66.18,55,20,8.05
258,Kandrian,PG,2021-09-01 00:37:32,-6.2167,149.55,84.63,70,90,11.74
259,Berlevag,NO,2021-09-01 00:37:32,70.8578,29.0864,46.15,82,100,12.68
260,Vostok,RU,2021-09-01 00:37:33,46.4856,135.8833,66.52,56,0,4.0
261,Bonthe,SL,2021-09-01 00:37:33,7.5264,-12.505,77.92,81,100,7.67
262,Bilibino,RU,2021-09-01 00:37:33,68.0546,166.4372,41.68,93,100,4.79
263,Ogdensburg,US,2021-09-01 00:37:34,44.6942,-75.4863,70.45,81,1,0.0
264,Newport,GB,2021-09-01 00:37:34,51.5877,-2.9984,59.77,79,100,12.86
265,Port Augusta,AU,2021-09-01 00:37:34,-32.5,137.7667,74.71,20,5,17.07
266,Jarocin,PL,2021-09-01 00:37:35,51.9727,17.5026,54.75,92,100,13.56
267,Lar,IN,2021-09-01 00:37:35,26.2039,83.9717,80.11,88,45,5.53
268,Asau,RO,2021-09-01 00:37:36,46.4333,26.4,58.12,82,0,5.66
269,Tevaitoa,PF,2021-09-01 00:37:36,-16.7833,-151.5,78.94,74,1,16.46
270,Tutoia,BR,2021-09-01 00:37:36,-2.7619,-42.2744,79.34,80,43,12.3
271,Port Moresby,PG,2021-09-01 00:37:37,-9.4431,147.1797,85.42,66,40,8.05
272,Suixi,CN,2021-09-01 00:37:37,33.8907,116.7747,71.35,93,100,5.17
273,Gold Coast,AU,2021-09-01 00:34:20,-28.0,153.4333,77.77,73,2,1.01
274,Upernavik,GL,2021-09-01 00:37:37,72.7868,-56.1549,34.93,73,56,5.32
275,Eureka,US,2021-09-01 00:35:09,40.8021,-124.1637,65.19,65,0,5.01
276,Walvis Bay,NA,2021-09-01 00:37:38,-22.9575,14.5053,53.1,81,0,8.05
277,Maloy,NO,2021-09-01 00:37:38,61.9353,5.1136,55.13,95,2,10.76
278,Brigantine,US,2021-09-01 00:37:39,39.4101,-74.3646,80.02,79,1,0.0
279,Takaka,NZ,2021-09-01 00:37:39,-40.85,172.8,57.97,52,0,5.26
280,Sonda,EE,2021-09-01 00:37:40,59.3436,26.8364,54.19,86,31,10.71
281,Morehead,US,2021-09-01 00:37:40,37.2711,-87.1764,73.11,92,90,5.75
282,Tigil,RU,2021-09-01 00:37:40,57.8,158.6667,62.98,63,65,3.31
283,Padang,ID,2021-09-01 00:37:41,-0.9492,100.3543,74.21,95,100,5.99
284,La Libertad,EC,2021-09-01 00:37:41,-2.2333,-80.9,68.72,84,90,10.16
285,Lysva,RU,2021-09-01 00:37:42,58.1086,57.8053,37.18,95,12,3.53
286,Luwuk,ID,2021-09-01 00:37:42,-0.9516,122.7875,83.23,76,76,6.38
287,Namatanai,PG,2021-09-01 00:37:42,-3.6667,152.4333,84.31,68,98,9.15
288,Antalaha,MG,2021-09-01 00:37:43,-14.9003,50.2788,69.24,87,22,6.91
289,Ostersund,SE,2021-09-01 00:37:43,63.1792,14.6357,48.65,81,90,13.8
290,San Quintin,MX,2021-09-01 00:37:43,30.4833,-115.95,70.29,75,19,12.91
291,Sao Felix Do Xingu,BR,2021-09-01 00:35:04,-6.6447,-51.995,71.89,97,70,2.64
292,Iqaluit,CA,2021-09-01 00:37:44,63.7506,-68.5145,38.93,75,20,4.61
293,Karpathos,GR,2021-09-01 00:37:44,35.507,27.2132,78.06,71,0,14.2
294,Sao Filipe,CV,2021-09-01 00:37:45,14.8961,-24.4956,80.42,83,100,4.63
295,Bud,US,2021-09-01 00:37:45,39.447,-86.1758,75.54,90,100,6.02
296,Cherskiy,RU,2021-09-01 00:33:11,68.75,161.3,43.65,69,60,15.01
297,Banyo,CM,2021-09-01 00:37:45,6.75,11.8167,65.95,91,97,2.08
298,Pundaguitan,PH,2021-09-01 00:37:46,6.3711,126.1689,82.69,72,81,3.44
299,Balkhash,KZ,2021-09-01 00:37:46,46.844,74.9804,65.61,68,0,5.95
300,Ormara,PK,2021-09-01 00:37:46,25.2088,64.6357,80.46,86,100,11.01
301,Gorontalo,ID,2021-09-01 00:37:47,0.5412,123.0595,85.51,69,61,1.74
302,Norwich,GB,2021-09-01 00:37:47,52.6278,1.2983,59.47,88,90,1.01
303,Bukama,CD,2021-09-01 00:37:47,-9.2,25.85,71.51,23,27,3.29
304,Vagur,FO,2021-09-01 00:37:48,61.4732,-6.8119,52.9,89,0,19.98
305,Russell,US,2021-09-01 00:37:48,32.3502,-85.1999,76.12,91,54,8.41
306,Faya,SA,2021-09-01 00:37:49,18.3851,42.4509,69.91,31,26,9.84
307,Hovd,MN,2021-09-01 00:37:49,48.0056,91.6419,60.48,55,1,2.28
308,Ancud,CL,2021-09-01 00:37:49,-41.8697,-73.8203,52.43,91,48,4.92
309,Katsuura,JP,2021-09-01 00:37:50,35.1333,140.3,77.02,76,100,8.55
310,Itarema,BR,2021-09-01 00:37:50,-2.9248,-39.9167,78.06,82,5,16.64
311,Wattegama,LK,2021-09-01 00:37:50,6.7989,81.4808,76.12,79,98,5.23
312,Phek,IN,2021-09-01 00:37:51,25.6667,94.5,61.14,98,97,0.38
313,Seymchan,RU,2021-09-01 00:37:51,62.8833,152.4333,41.85,92,100,9.71
314,Camana,PE,2021-09-01 00:37:51,-16.6228,-72.7111,60.8,81,100,5.21
315,Kalmunai,LK,2021-09-01 00:37:52,7.4167,81.8167,79.54,80,66,3.09
316,Konevo,RU,2021-09-01 00:37:52,62.1215,39.3192,47.3,82,100,4.47
317,Svetlaya,RU,2021-09-01 00:37:52,46.5389,138.3297,68.85,58,0,4.45
318,Hami,CN,2021-09-01 00:37:53,42.8,93.45,77.45,32,6,3.78
319,Tuatapere,NZ,2021-09-01 00:37:53,-46.1333,167.6833,61.83,62,100,8.1
320,Ghanzi,BW,2021-09-01 00:37:53,-21.5667,21.7833,62.55,19,0,8.86
321,Chimore,BO,2021-09-01 00:37:54,-16.9833,-65.1333,77.79,56,49,2.75
322,Makakilo City,US,2021-09-01 00:37:54,21.3469,-158.0858,83.28,60,90,6.91
323,Saint-Philippe,RE,2021-09-01 00:37:54,-21.3585,55.7679,66.22,80,42,11.25
324,Bereda,ES,2021-09-01 00:37:55,43.2686,-7.5406,64.15,100,100,5.21
325,Torbay,CA,2021-09-01 00:37:55,47.6666,-52.7314,57.27,97,90,4.61
326,Gushikawa,JP,2021-09-01 00:37:55,26.3544,127.8686,83.79,76,1,8.05
327,Vohibinany,MG,2021-09-01 00:37:56,-17.35,49.0333,64.44,98,58,2.48
328,Buala,SB,2021-09-01 00:37:56,-8.145,159.5921,83.19,77,73,13.98
329,Asfi,MA,2021-09-01 00:37:57,32.2994,-9.2372,69.12,91,6,6.85
330,Longyearbyen,SJ,2021-09-01 00:37:57,78.2186,15.6401,40.84,81,0,3.44
331,Grand Gaube,MU,2021-09-01 00:37:57,-20.0064,57.6608,71.38,63,77,5.99
332,Ilulissat,GL,2021-09-01 00:37:58,69.2167,-51.1,35.62,80,20,0.0
333,Clyde River,CA,2021-09-01 00:37:58,70.4692,-68.5914,41.5,67,0,3.31
334,Smirnykh,RU,2021-09-01 00:37:58,49.75,142.8333,63.99,75,76,4.97
335,Amurzet,RU,2021-09-01 00:37:59,47.6967,131.0981,71.98,61,2,5.59
336,Nhulunbuy,AU,2021-09-01 00:37:59,-12.2333,136.7667,83.01,69,40,17.27
337,Olga,RU,2021-09-01 00:37:59,43.7444,135.2892,73.58,48,100,4.45
338,Buritis,BR,2021-09-01 00:38:00,-15.6178,-46.4233,70.29,62,12,3.67
339,Tsumeb,NA,2021-09-01 00:38:00,-19.2333,17.7167,49.55,12,0,4.54
340,Namibe,AO,2021-09-01 00:38:01,-15.1961,12.1522,62.78,93,0,3.62
341,Dunedin,NZ,2021-09-01 00:38:01,-45.8742,170.5036,53.47,52,0,12.3
342,Nemuro,JP,2021-09-01 00:38:01,43.3236,145.575,72.03,74,23,6.22
343,Cabedelo,BR,2021-09-01 00:38:02,-6.9811,-34.8339,74.07,81,55,14.23
344,Rio Tuba,PH,2021-09-01 00:38:02,8.5061,117.4317,82.63,73,100,0.89
345,Alice Town,BS,2021-09-01 00:38:02,25.7167,-79.3,82.81,67,1,1.34
346,Coquimbo,CL,2021-09-01 00:38:03,-29.9533,-71.3436,55.13,76,0,3.44
347,Livingston,GB,2021-09-01 00:38:03,55.9029,-3.5226,54.84,96,0,4.61
348,Faanui,PF,2021-09-01 00:38:04,-16.4833,-151.75,78.91,74,7,16.84
349,Byron Bay,AU,2021-09-01 00:34:02,-28.65,153.6167,73.35,66,37,4.18
350,Chapais,CA,2021-09-01 00:38:04,49.7834,-74.8492,47.98,97,100,10.83
351,Auki,SB,2021-09-01 00:38:04,-8.7676,160.7034,81.99,78,53,7.16
352,Custoias,PT,2021-09-01 00:38:05,41.1053,-7.321,64.4,71,100,1.52
353,Zhovtneve,UA,2021-09-01 00:38:05,50.6637,24.2492,54.99,96,100,5.32
354,Fort Nelson,CA,2021-09-01 00:38:06,58.8053,-122.7002,62.19,55,75,10.36
355,Abbeville,FR,2021-09-01 00:38:06,50.1,1.8333,61.5,89,55,9.82
356,Moussoro,TD,2021-09-01 00:38:06,13.6408,16.4901,87.53,52,100,8.12
357,Poum,NC,2021-09-01 00:38:07,-20.2333,164.0167,72.0,61,14,14.85
358,Kihei,US,2021-09-01 00:38:07,20.785,-156.4656,88.54,58,40,19.57
359,Manta,EC,2021-09-01 00:38:07,-0.95,-80.7333,74.98,78,40,9.22
360,Inirida,CO,2021-09-01 00:38:08,3.8653,-67.9239,70.27,98,93,0.76
361,Leca Da Palmeira,PT,2021-09-01 00:38:08,41.191,-8.7003,68.18,81,80,3.04
362,Heinola,FI,2021-09-01 00:38:08,61.2056,26.0381,50.09,90,23,5.08
363,Mersin,TR,2021-09-01 00:38:09,36.862,34.6509,78.15,76,0,1.86
364,North Bend,US,2021-09-01 00:38:09,43.4065,-124.2243,65.91,59,1,27.63
365,Balsas,BR,2021-09-01 00:38:09,-7.5325,-46.0356,82.36,43,65,2.46
366,Oneida,US,2021-09-01 00:38:10,43.2001,-75.4663,68.43,72,20,3.44
367,San Pedro,PH,2021-09-01 00:38:10,14.35,121.0167,83.43,82,90,1.14
368,Herat,AF,2021-09-01 00:38:10,34.5,62.0,66.11,27,0,9.35
369,Chaman,PK,2021-09-01 00:38:11,30.9236,66.4512,71.83,39,0,5.91
370,Talnakh,RU,2021-09-01 00:38:11,69.4865,88.3972,38.41,97,100,13.33
371,Coos Bay,US,2021-09-01 00:38:11,43.3665,-124.2179,79.86,59,1,27.63
372,Warmbad,NA,2021-09-01 00:38:12,-28.45,18.7333,52.93,55,16,9.66
373,Edson,CA,2021-09-01 00:38:12,53.5835,-116.4356,46.54,100,90,12.66
374,Kuching,MY,2021-09-01 00:38:13,1.55,110.3333,77.22,94,40,1.14
375,Lufilufi,WS,2021-09-01 00:38:13,-13.8745,-171.5986,80.44,72,5,16.73
376,Livny,RU,2021-09-01 00:38:13,52.4253,37.6069,62.31,92,100,7.05
377,Santa Luzia,BR,2021-09-01 00:38:14,-19.7697,-43.8514,65.48,68,40,10.36
378,Wajima,JP,2021-09-01 00:38:14,37.4,136.9,65.08,94,75,3.44
379,Duku,NG,2021-09-01 00:38:14,11.2361,4.9073,76.19,90,98,3.53
380,Yeppoon,AU,2021-09-01 00:38:15,-23.1333,150.7333,74.98,67,0,11.07
381,Goure,NE,2021-09-01 00:38:15,13.9835,10.2704,94.01,19,21,6.64
382,Alta Floresta,BR,2021-09-01 00:38:15,-9.8756,-56.0861,81.19,39,59,4.47
383,Burnie,AU,2021-09-01 00:38:16,-41.0667,145.9167,53.01,71,100,4.94
384,Ahlat,TR,2021-09-01 00:38:16,38.7518,42.4814,62.13,27,0,1.7
385,Luau,AO,2021-09-01 00:38:16,-10.7073,22.2247,63.52,24,35,4.97
386,Sinnamary,GF,2021-09-01 00:38:17,5.3833,-52.95,78.21,88,5,8.01
387,Honiara,SB,2021-09-01 00:38:17,-9.4333,159.95,85.98,70,97,13.69
388,Lakselv,NO,2021-09-01 00:38:17,70.0513,24.9718,46.22,71,75,16.11
389,Juybar,IR,2021-09-01 00:38:18,36.6412,52.9124,79.68,49,0,4.52
390,Jalor,IN,2021-09-01 00:38:18,25.35,72.6167,82.58,75,96,2.28
391,Vestmanna,FO,2021-09-01 00:38:18,62.1564,-7.1664,54.52,88,90,20.71
392,Rio Muerto,MX,2021-09-01 00:38:19,27.4167,-110.2333,86.52,78,99,12.5
393,Mingguang,CN,2021-09-01 00:38:19,32.7802,117.9638,77.85,86,60,6.17
394,Peskovka,RU,2021-09-01 00:38:20,59.0448,52.3606,38.61,98,100,4.12
395,Liberty,US,2021-09-01 00:37:14,31.8335,-81.5004,82.98,44,75,8.05
396,Humaita,BR,2021-09-01 00:38:20,-7.5061,-63.0208,74.26,85,91,2.82
397,Leningradskiy,RU,2021-09-01 00:38:20,69.3833,178.4167,34.92,95,100,5.95
398,Hobyo,SO,2021-09-01 00:38:21,5.3505,48.5268,75.97,86,93,18.34
399,Linqiong,CN,2021-09-01 00:38:21,30.4159,103.4609,73.22,86,100,1.21
400,Ahuimanu,US,2021-09-01 00:38:22,21.4447,-157.8378,84.45,62,40,10.36
401,Umm Lajj,SA,2021-09-01 00:38:22,25.0213,37.2685,86.76,68,10,8.61
402,Nago,JP,2021-09-01 00:38:22,26.5881,127.9761,84.63,71,67,2.84
403,Seondha,IN,2021-09-01 00:38:23,26.1578,78.7797,80.47,81,100,5.53
404,Bowen,AU,2021-09-01 00:38:23,-20.0167,148.2333,75.42,68,100,20.29
405,Lethem,GY,2021-09-01 00:38:23,3.3803,-59.7968,77.52,76,6,5.37
406,Bennettsville,US,2021-09-01 00:38:24,34.6174,-79.6848,86.18,70,40,3.0
407,Kerema,PG,2021-09-01 00:38:24,-7.9631,145.7785,83.03,67,11,5.23
408,Saryg-Sep,RU,2021-09-01 00:38:24,51.5,95.6,58.6,77,41,2.01
409,Pavlodar,KZ,2021-09-01 00:38:25,52.3,76.95,46.2,100,98,4.47
410,Simao,CN,2021-09-01 00:38:25,22.7886,100.9748,70.32,86,6,0.27
411,Requena,ES,2021-09-01 00:38:25,39.4883,-1.1004,70.7,89,100,7.56
412,Kidal,ML,2021-09-01 00:38:26,18.4411,1.4078,93.18,23,0,6.15
413,Hudson Bay,CA,2021-09-01 00:38:26,52.85,-102.3842,71.42,53,100,13.98
414,Sofiyivka,UA,2021-09-01 00:38:27,48.0493,33.8746,55.56,60,0,3.69
415,La Asuncion,VE,2021-09-01 00:38:27,11.0333,-63.8628,89.33,70,17,5.75
416,Rawson,AR,2021-09-01 00:38:27,-43.3002,-65.1023,56.59,60,0,2.04
417,Kavieng,PG,2021-09-01 00:38:28,-2.5744,150.7967,83.98,70,19,8.12
418,Westport,US,2021-09-01 00:38:28,41.1415,-73.3579,78.94,79,1,3.44
419,Kampong Chhnang,KH,2021-09-01 00:38:28,12.1667,104.55,79.7,84,100,6.02
420,West Plains,US,2021-09-01 00:38:29,36.7281,-91.8524,82.09,72,2,4.0
421,Port Hardy,CA,2021-09-01 00:38:29,50.6996,-127.4199,60.98,67,20,10.36
422,Awjilah,LY,2021-09-01 00:38:29,29.1081,21.2869,81.19,43,0,11.12
423,Haputale,LK,2021-09-01 00:38:30,6.7681,80.9595,61.39,75,99,4.47
424,Venado Tuerto,AR,2021-09-01 00:38:30,-33.7456,-61.9688,70.77,50,65,10.18
425,Onega,RU,2021-09-01 00:38:31,63.9061,38.1404,47.43,90,100,5.19
426,Kovdor,RU,2021-09-01 00:38:31,67.5662,30.4758,38.75,93,45,5.12
427,Ayorou,NE,2021-09-01 00:38:31,14.7308,0.9174,92.01,41,97,9.6
428,Zyryanka,RU,2021-09-01 00:38:32,65.75,150.85,42.96,74,100,11.48
429,Tirat Karmel,IL,2021-09-01 00:38:32,32.7617,34.9719,74.95,71,0,6.87
430,Masallatah,LY,2021-09-01 00:38:33,32.6167,14.0,78.6,61,0,10.51
431,Half Moon Bay,US,2021-09-01 00:38:33,37.4636,-122.4286,84.54,65,1,1.01
432,Luba,GQ,2021-09-01 00:38:33,3.4568,8.5547,76.89,88,100,5.79
433,Nara,JP,2021-09-01 00:38:34,34.6851,135.8049,83.57,57,100,4.16
434,Qaqortoq,GL,2021-09-01 00:38:34,60.7167,-46.0333,52.3,92,100,7.54
435,San Jose,US,2021-09-01 00:36:50,37.3394,-121.895,84.49,49,20,1.01
436,Kristiansund,NO,2021-09-01 00:38:35,63.1115,7.732,56.05,82,90,12.66
437,Sabha,LY,2021-09-01 00:38:35,27.0377,14.4283,87.42,21,0,10.13
438,Mangochi,MW,2021-09-01 00:38:36,-14.4782,35.2645,71.62,57,10,5.93
439,Margate,GB,2021-09-01 00:38:36,51.3813,1.3862,60.51,79,100,8.01
440,Mahebourg,MU,2021-09-01 00:38:36,-20.4081,57.7,71.26,73,40,12.66
441,Hauterive,FR,2021-09-01 00:38:37,46.0901,3.4459,53.1,96,0,2.08
442,Ballitoville,ZA,2021-09-01 00:38:37,-29.539,31.2144,62.74,72,75,13.8
443,Srednekolymsk,RU,2021-09-01 00:38:37,67.45,153.6833,40.48,81,100,7.9
444,Petukhovo,RU,2021-09-01 00:38:38,55.0692,67.9019,46.4,64,100,3.09
445,Morant Bay,JM,2021-09-01 00:38:38,17.8815,-76.4093,83.82,85,100,4.99
446,Beba,CU,2021-09-01 00:38:38,22.4437,-79.7253,80.87,86,0,5.21
447,Beira,MZ,2021-09-01 00:38:39,-19.8436,34.8389,64.49,100,0,4.61
448,Brownfield,US,2021-09-01 00:38:40,33.1812,-102.2744,91.31,40,12,9.06
449,Lata,PT,2021-09-01 00:38:40,40.1629,-8.3327,66.81,86,100,2.39
450,Ciudad Del Maiz,MX,2021-09-01 00:38:40,22.4,-99.6,75.74,90,67,7.49
451,Tenerife,CO,2021-09-01 00:38:41,9.9003,-74.859,73.72,96,99,1.3
452,Buraydah,SA,2021-09-01 00:38:41,26.326,43.975,84.65,11,0,8.84
453,Riyadh,SA,2021-09-01 00:34:00,24.6877,46.7219,87.94,12,61,5.1
454,San Giljan,MT,2021-09-01 00:38:42,35.9184,14.4898,80.06,83,0,3.44
455,Boa Vista,BR,2021-09-01 00:38:42,2.8197,-60.6733,78.78,78,75,5.75
456,Matagami,CA,2021-09-01 00:38:42,49.7502,-77.6328,53.71,87,90,19.57
457,Laguna,US,2021-09-01 00:38:43,38.421,-121.4238,98.2,31,1,4.0
458,Sobolevo,RU,2021-09-01 00:38:43,54.4299,31.8996,59.36,97,100,8.05
459,Zirgan,RU,2021-09-01 00:38:43,53.2222,55.9185,54.95,49,77,7.05
460,Alhandra,BR,2021-09-01 00:38:44,-7.4386,-34.9144,73.62,86,7,8.55
461,Ulaanbaatar,MN,2021-09-01 00:35:39,47.9077,106.8832,59.13,55,20,0.0
462,Port Blair,IN,2021-09-01 00:38:44,11.6667,92.75,77.04,88,40,3.44
463,Goderich,CA,2021-09-01 00:38:45,43.7501,-81.7165,69.91,72,100,5.75
464,Santarem,BR,2021-09-01 00:38:45,-2.4431,-54.7083,77.13,94,0,0.0
465,Palana,RU,2021-09-01 00:38:45,59.1167,159.9667,53.37,79,92,1.25
466,Ouadda,CF,2021-09-01 00:38:46,8.0777,22.4007,68.0,95,98,2.21
467,Atar,MR,2021-09-01 00:38:46,20.5169,-13.0499,93.22,17,5,4.56
468,Port Elizabeth,ZA,2021-09-01 00:38:46,-33.918,25.5701,50.29,87,0,8.05
469,Bontang,ID,2021-09-01 00:38:47,0.1333,117.5,80.46,78,99,3.56
470,Grimshaw,CA,2021-09-01 00:38:47,56.1834,-117.6027,56.82,62,75,25.32
471,Basoko,CD,2021-09-01 00:38:47,1.2391,23.616,70.88,95,100,1.01
472,Khatanga,RU,2021-09-01 00:38:48,71.9667,102.5,35.51,96,100,20.74
473,Avera,US,2021-09-01 00:38:48,33.194,-82.5271,78.71,87,99,17.67
474,Parabel,RU,2021-09-01 00:38:49,58.6978,81.4825,42.69,93,12,5.82
475,Nuoro,IT,2021-09-01 00:38:49,40.3211,9.3297,67.19,69,33,2.68
476,Antofagasta,CL,2021-09-01 00:38:49,-23.65,-70.4,56.48,83,89,6.73
477,Kampot,KH,2021-09-01 00:38:50,10.6167,104.1833,77.05,80,100,3.85
478,Vigrestad,NO,2021-09-01 00:38:50,58.5667,5.7,55.0,90,11,12.59
479,Miri,MY,2021-09-01 00:38:50,4.4148,114.0089,78.94,89,40,4.61
480,Ughelli,NG,2021-09-01 00:38:51,5.4899,6.0074,73.87,98,97,2.17
481,Richards Bay,ZA,2021-09-01 00:38:51,-28.783,32.0377,66.27,71,99,13.69
482,Hofn,IS,2021-09-01 00:38:51,64.2539,-15.2082,56.62,71,0,4.47
483,Kutum,SD,2021-09-01 00:38:52,14.2,24.6667,79.92,37,5,3.06
484,Palaikastron,GR,2021-09-01 00:38:52,35.2,26.25,76.73,74,0,13.51
485,Butler,US,2021-09-01 00:38:52,39.4501,-84.5666,71.6,95,90,0.0
486,Manakara,MG,2021-09-01 00:38:53,-22.1333,48.0167,68.05,96,26,5.82
487,Lisakovsk,KZ,2021-09-01 00:38:53,52.5369,62.4936,54.77,52,83,4.32
488,Preobrazheniye,RU,2021-09-01 00:38:54,42.9019,133.9064,71.89,48,86,1.14
489,Bhatkal,IN,2021-09-01 00:38:54,13.9667,74.5667,77.41,85,100,1.79
490,Marquette,US,2021-09-01 00:38:54,46.5333,-87.6335,60.24,82,0,3.4
491,Dalbandin,PK,2021-09-01 00:38:55,28.8947,64.4101,79.7,41,0,4.29
492,Arawa,PG,2021-09-01 00:38:55,-6.2132,155.5367,86.52,65,95,5.79
493,Hilton Head Island,US,2021-09-01 00:37:31,32.2163,-80.7526,84.2,77,75,10.36
494,Watertown,US,2021-09-01 00:38:56,42.3709,-71.1828,75.0,73,1,1.01
495,Mezen,RU,2021-09-01 00:38:56,65.8522,44.24,41.83,85,100,8.84
496,Ornskoldsvik,SE,2021-09-01 00:38:56,63.2909,18.7153,51.62,76,98,9.22
497,Kholtoson,RU,2021-09-01 00:38:57,50.2981,103.3097,54.03,95,100,1.88
498,Sola,VU,2021-09-01 00:38:57,-13.8833,167.55,79.47,78,90,13.8
499,Qasigiannguit,GL,2021-09-01 00:38:58,68.8193,-51.1922,35.85,67,32,2.77
500,Muzhi,RU,2021-09-01 00:38:58,65.3667,64.6667,38.41,72,100,3.24
501,San Rafael,AR,2021-09-01 00:38:58,-34.6177,-68.3301,64.06,40,2,11.01
502,Quesnel,CA,2021-09-01 00:38:59,52.9999,-122.5029,63.1,48,75,20.71
503,Daloa,CI,2021-09-01 00:38:59,6.8774,-6.4502,70.56,99,100,3.22
504,Danilovka,RU,2021-09-01 00:39:00,50.3557,44.1168,68.16,34,100,10.11
505,Nelson Bay,AU,2021-09-01 00:39:00,-32.7167,152.15,75.96,51,0,1.01
506,Araxa,BR,2021-09-01 00:37:35,-19.5933,-46.9406,66.16,55,0,12.66
507,Lucea,JM,2021-09-01 00:39:00,18.451,-78.1736,82.26,81,12,2.86
508,Zalantun,CN,2021-09-01 00:39:01,48.0,122.7167,68.77,75,100,3.38
509,Tabou,CI,2021-09-01 00:39:01,4.423,-7.3528,76.05,88,100,4.65
510,Saint-Pierre,RE,2021-09-01 00:39:02,-21.3393,55.4781,66.29,85,20,6.91
511,Nanyang,CN,2021-09-01 00:39:02,32.9947,112.5328,66.54,94,100,11.52
512,Leshukonskoye,RU,2021-09-01 00:39:02,64.8989,45.7622,39.79,90,83,6.82
513,Alofi,NU,2021-09-01 00:39:03,-19.0595,-169.9187,78.69,73,40,9.22
514,Flagstaff,US,2021-09-01 00:39:03,35.1981,-111.6513,67.32,78,75,3.0
515,Qandala,SO,2021-09-01 00:39:03,11.472,49.8728,88.95,54,99,2.93
516,Gimli,CA,2021-09-01 00:39:04,50.6336,-96.9907,73.44,78,0,8.05
517,Thinadhoo,MV,2021-09-01 00:39:04,0.5333,72.9333,82.15,70,100,6.87
518,Leh,IN,2021-09-01 00:39:04,34.1667,77.5833,52.3,59,79,5.55
519,Glendive,US,2021-09-01 00:39:05,47.1053,-104.7125,87.49,34,0,8.01
520,Paysandu,UY,2021-09-01 00:39:05,-32.3214,-58.0756,68.43,77,99,9.04
521,Ewa Beach,US,2021-09-01 00:39:05,21.3156,-158.0072,84.69,60,90,6.91
522,Semey,KZ,2021-09-01 00:39:06,50.4111,80.2275,57.42,72,75,4.47
523,Dafeng,CN,2021-09-01 00:39:06,23.4517,108.5881,82.22,76,83,1.9
524,Loiza,PR,2021-09-01 00:39:07,18.4313,-65.8802,82.38,79,40,0.0
525,Reading,GB,2021-09-01 00:39:07,51.4562,-0.9711,59.32,81,75,1.01
526,Ranir Bazar,IN,2021-09-01 00:39:07,23.8333,91.3667,78.71,94,75,0.0
527,Denpasar,ID,2021-09-01 00:37:55,-8.65,115.2167,78.91,70,49,9.37
528,Yulara,AU,2021-09-01 00:39:08,-25.2406,130.9889,76.84,10,5,11.5
529,Mogadishu,SO,2021-09-01 00:39:08,2.0371,45.3438,75.47,80,83,14.09
530,Vila Velha,BR,2021-09-01 00:37:41,-20.3297,-40.2925,67.95,94,75,11.5
531,Taoudenni,ML,2021-09-01 00:39:09,22.6783,-3.9836,95.9,21,25,6.96
532,Nioro,GM,2021-09-01 00:39:09,13.35,-15.75,76.35,92,100,5.06
533,Grand-Santi,GF,2021-09-01 00:39:10,4.25,-54.3833,73.51,92,16,2.73
534,Nanortalik,GL,2021-09-01 00:39:10,60.1432,-45.2371,47.19,91,100,4.14
535,Bonavista,CA,2021-09-01 00:36:31,48.6499,-53.1147,57.11,95,100,10.96
536,Ninghai,CN,2021-09-01 00:39:10,29.2892,121.4247,83.88,73,1,2.82
537,Cascais,PT,2021-09-01 00:39:11,38.6979,-9.4215,70.47,78,85,2.57
538,Aykhal,RU,2021-09-01 00:39:11,66.0,111.5,48.87,91,100,15.55
539,Chitrakonda,IN,2021-09-01 00:39:11,18.1167,82.0833,73.02,93,100,1.77
540,Luanda,AO,2021-09-01 00:39:12,-8.8368,13.2343,71.6,88,40,2.3
541,Tarauaca,BR,2021-09-01 00:35:21,-8.1614,-70.7656,78.6,68,83,5.44
542,Arenal,CO,2021-09-01 00:39:12,8.4593,-73.9433,75.31,91,100,2.64
543,Orocue,CO,2021-09-01 00:39:13,4.7912,-71.3354,75.11,91,100,3.58
544,Bar Harbor,US,2021-09-01 00:39:13,44.3876,-68.2039,69.13,82,1,6.91
545,Bichura,RU,2021-09-01 00:39:13,50.5881,107.6022,65.91,67,100,1.83
546,Jhalrapatan,IN,2021-09-01 00:39:14,24.55,76.1667,75.79,92,87,5.97
547,Dasoguz,TM,2021-09-01 00:39:14,41.8363,59.9666,58.95,55,0,6.91
548,Imeni Poliny Osipenko,RU,2021-09-01 00:39:14,52.4201,136.4853,66.11,64,53,6.85
549,Touros,BR,2021-09-01 00:39:15,-5.1989,-35.4608,76.1,76,17,16.6
550,Juneau,US,2021-09-01 00:35:42,58.3019,-134.4197,68.85,67,20,8.05
551,Vao,NC,2021-09-01 00:39:15,-22.6667,167.4833,68.74,62,3,10.07
552,Verkh-Usugli,RU,2021-09-01 00:39:16,52.7,115.1667,60.96,79,19,0.69
553,Wewak,PG,2021-09-01 00:39:16,-3.5534,143.6268,82.85,77,78,6.87
554,Ponor,RS,2021-09-01 00:39:16,43.1637,22.4508,58.42,78,7,1.32
555,Araguaina,BR,2021-09-01 00:39:17,-7.1911,-48.2072,81.95,57,100,2.57
556,Tomatlan,MX,2021-09-01 00:39:17,19.9333,-105.25,78.26,90,100,1.88
557,Fukue,JP,2021-09-01 00:39:17,32.6881,128.8419,82.76,83,75,10.36
558,Tatawin,TN,2021-09-01 00:39:18,32.9297,10.4518,90.48,50,6,4.32
559,Loei,TH,2021-09-01 00:39:18,17.4167,101.5,65.57,96,100,2.68
560,Sikonge,TZ,2021-09-01 00:39:18,-5.6333,32.7667,69.58,39,7,9.19
561,Agustin Codazzi,CO,2021-09-01 00:39:19,10.0341,-73.2361,74.5,88,100,3.09
562,Porto Tolle,IT,2021-09-01 00:39:19,44.9497,12.3245,65.1,75,0,3.27
563,East Foothills,US,2021-09-01 00:39:20,37.3811,-121.8175,86.79,49,1,8.01
564,Ahipara,NZ,2021-09-01 00:39:20,-35.1667,173.1667,56.41,90,100,13.06
565,Amga,RU,2021-09-01 00:39:20,60.8953,131.9608,56.82,53,100,2.44
566,Dharchula,IN,2021-09-01 00:39:21,29.85,80.5333,70.11,88,75,1.9
567,Ishigaki,JP,2021-09-01 00:39:21,24.3448,124.1572,86.13,74,20,5.75
568,Kruisfontein,ZA,2021-09-01 00:39:21,-34.0033,24.7314,47.88,78,100,7.07
569,Taltal,CL,2021-09-01 00:39:22,-25.4,-70.4833,61.56,72,95,3.53
570,Vila Franca Do Campo,PT,2021-09-01 00:39:22,37.7167,-25.4333,73.81,94,25,5.26
571,Zhoucheng,CN,2021-09-01 00:39:22,35.9122,116.3117,67.87,94,100,3.53
572,Kosh-Agach,RU,2021-09-01 00:39:23,50.0,88.6667,50.0,73,100,1.95
573,Tinqueux,FR,2021-09-01 00:39:23,49.25,3.9833,57.22,88,0,9.22
